# Incomplete Metal semantic ID	Follow-up period
MTL-REN-002	P46
MTL-REN-003	P46
MTL-XFR-005	P46
MTL-SHD-002	P46
MTL-SHD-008	P46
MTL-DBG-003	P46
MTL-DEV-003	P47
MTL-RES-002	P47
MTL-RES-004	P47
MTL-RES-006	P47
MTL-RES-007	P47
MTL-RES-008	P47
MTL-REN-001	P47
MTL-REN-007	P47
MTL-REN-008	P47
MTL-CMP-002	P47
MTL-CMP-003	P47
MTL-CMP-004	P47
MTL-CMP-005	P47
MTL-XFR-004	P47
MTL-SHD-003	P47
MTL-CMD-005	P48
MTL-CMD-006	P48
MTL-CMD-007	P48
MTL-CMD-008	P48
MTL-CMD-009	P48
MTL-RES-009	P49
MTL-RES-010	P49
MTL-RES-011	P49
MTL-RES-013	P49
MTL-RES-014	P49
MTL-RES-012	P50
MTL-CMD-004	P50
MTL-SHD-004	P50
MTL-SHD-005	P50
MTL-SHD-006	P50
MTL-SHD-007	P50
MTL-BND-001	P50
MTL-BND-002	P50
MTL-IND-001	P50
MTL-IND-002	P50
MTL-IND-003	P50
MTL-ARC-001	P50
MTL-ARC-002	P50
MTL-REN-004	P51
MTL-REN-011	P51
MTL-REN-012	P51
MTL-REN-013	P51
MTL-REN-014	P51
MTL-REN-015	P51
MTL-REN-016	P51
MTL-RT-001	P52
MTL-RT-003	P52
MTL-RT-004	P52
MTL-RT-006	P52
MTL-RT-007	P52
MTL-RT-008	P52
MTL-RT-009	P52
MTL-DEV-004	P53
MTL-RES-015	P53
MTL-XFR-006	P53
MTL-XFR-007	P53
MTL-INT-001	P53
MTL-INT-003	P53
MTL-RES-016	P54
MTL-CMD-010	P54
MTL-CMD-011	P54
MTL-CMD-012	P54
MTL-REN-017	P54
MTL-REN-018	P54
MTL-CMP-006	P54
MTL-CMP-007	P54
MTL-CMP-008	P54
MTL-ARC-003	P54
MTL-ARC-004	P54
MTL-ARC-005	P54
MTL-DBG-004	P54
